<?xml version = '1.0' encoding = 'UTF-8'?>
<Relation class="oracle.dbtools.crest.model.design.logical.Relation" name="Endereco Cliente Cliente FK" directorySegmentName="seg_0" id="36FCD365-3581-F681-8420-7194EEA61837">
<createdBy>augus</createdBy>
<createdTime>2024-04-04 03:03:47 UTC</createdTime>
<ownerDesignName>modelo</ownerDesignName>
<engineerTo>
<item key="69FD6FCD-52EB-313D-EDE9-351A087250DD" value="true"/>
</engineerTo>
<sourcePk>41DCE87B-40D8-CB21-9CAF-3E028D5DD631</sourcePk>
<identifying>false</identifying>
<optionalSource>true</optionalSource>
<optionalTarget>false</optionalTarget>
<sourceCardinality>1</sourceCardinality>
<sourceEntity>9CD94D1C-B482-0E9C-91B2-827AE53F4218</sourceEntity>
<targetCardinalityString>1</targetCardinalityString>
<targetEntity>C4722A91-C1A2-D928-922D-A2116E7EE52C</targetEntity>
<transferable>true</transferable>
<deleteRule>NO ACTION</deleteRule>
</Relation>