<?xml version = '1.0' encoding = 'UTF-8'?>
<Relation class="oracle.dbtools.crest.model.design.logical.Relation" name="Endereco Unidade Cidade FK" directorySegmentName="seg_0" id="90F487ED-8CE3-B912-B8EC-68566C1DEFB5">
<createdBy>augus</createdBy>
<createdTime>2024-04-11 02:35:20 UTC</createdTime>
<ownerDesignName>modelo</ownerDesignName>
<engineerTo>
<item key="69FD6FCD-52EB-313D-EDE9-351A087250DD" value="true"/>
</engineerTo>
<useSurrogateKey>true</useSurrogateKey>
<identifying>false</identifying>
<optionalSource>true</optionalSource>
<optionalTarget>false</optionalTarget>
<sourceCardinality>1</sourceCardinality>
<sourceEntity>EEC80213-1024-8E8F-E562-845A4B9C6F88</sourceEntity>
<targetCardinalityString>*</targetCardinalityString>
<targetEntity>619CD26F-0B05-306F-BB95-1438201DD567</targetEntity>
<transferable>true</transferable>
<deleteRule>NO ACTION</deleteRule>
</Relation>