<?xml version = '1.0' encoding = 'UTF-8'?>
<Relation class="oracle.dbtools.crest.model.design.logical.Relation" name="Medico Unidade Unidade FK" directorySegmentName="seg_0" id="964EDFFF-C423-0EC0-3B31-524333D5931B">
<createdBy>augus</createdBy>
<createdTime>2024-04-02 06:26:47 UTC</createdTime>
<ownerDesignName>modelo</ownerDesignName>
<engineerTo>
<item key="69FD6FCD-52EB-313D-EDE9-351A087250DD" value="true"/>
</engineerTo>
<sourcePk>B79B8851-F8CF-A9A8-2FC0-D844FDEC12E3</sourcePk>
<identifying>false</identifying>
<optionalSource>false</optionalSource>
<optionalTarget>false</optionalTarget>
<sourceCardinality>1</sourceCardinality>
<sourceEntity>21E80DE4-9F17-EF07-D05B-28A44356B039</sourceEntity>
<targetCardinalityString>*</targetCardinalityString>
<targetEntity>CE5BC484-A964-8625-3512-6C401A4AC7BE</targetEntity>
<transferable>true</transferable>
<deleteRule>NO ACTION</deleteRule>
</Relation>