<?xml version = '1.0' encoding = 'UTF-8'?>
<Entity class="oracle.dbtools.crest.model.design.logical.Entity" directorySegmentName="seg_0" id="0339AEC9-B070-25CE-AC83-44B43A5E07A0" name="Historico_Saude_Cliente">
<createdBy>augus</createdBy>
<createdTime>2024-04-03 09:46:37 UTC</createdTime>
<ownerDesignName>modelo</ownerDesignName>
<engineerTo>
<item key="69FD6FCD-52EB-313D-EDE9-351A087250DD" value="true"/>
</engineerTo>
<adequatelyNormalized>NO</adequatelyNormalized>
<expectedVolumes>0</expectedVolumes>
<fwdEngineeringStrategyName>Single Table</fwdEngineeringStrategyName>
<growthPercent>0</growthPercent>
<growthType>Year</growthType>
<maxVolumes>9999999</maxVolumes>
<minVolumes>0</minVolumes>
<normalForm>Third</normalForm>
<attributes itemClass="oracle.dbtools.crest.model.design.logical.Attribute">
<Attribute name="id" id="8CED603C-C8F0-0D98-9DEE-AA15EA68119E">
<createdBy>augus</createdBy>
<createdTime>2024-04-03 09:46:47 UTC</createdTime>
<ownerDesignName>modelo</ownerDesignName>
<engineerTo>
<item key="69FD6FCD-52EB-313D-EDE9-351A087250DD" value="true"/>
</engineerTo>
<useDomainConstraints>false</useDomainConstraints>
<use>1</use>
<logicalDatatype>LOGDT019</logicalDatatype>
<ownDataTypeParameters>,,</ownDataTypeParameters>
</Attribute>
<Attribute name="data_registro" id="D98E50D1-9331-9323-40AA-7D709CCEB133">
<createdBy>augus</createdBy>
<createdTime>2024-04-03 09:46:52 UTC</createdTime>
<ownerDesignName>modelo</ownerDesignName>
<engineerTo>
<item key="69FD6FCD-52EB-313D-EDE9-351A087250DD" value="true"/>
</engineerTo>
<nullsAllowed>true</nullsAllowed>
<useDomainConstraints>false</useDomainConstraints>
<use>1</use>
<logicalDatatype>LOGDT007</logicalDatatype>
<ownDataTypeParameters>,,</ownDataTypeParameters>
</Attribute>
<Attribute name="fuma" id="3B207464-B76C-F7A2-41D0-27539BC91A93">
<createdBy>augus</createdBy>
<createdTime>2024-04-03 09:46:57 UTC</createdTime>
<ownerDesignName>modelo</ownerDesignName>
<engineerTo>
<item key="69FD6FCD-52EB-313D-EDE9-351A087250DD" value="true"/>
</engineerTo>
<nullsAllowed>true</nullsAllowed>
<useDomainConstraints>false</useDomainConstraints>
<use>1</use>
<logicalDatatype>LOGDT019</logicalDatatype>
<ownDataTypeParameters>,,</ownDataTypeParameters>
</Attribute>
<Attribute name="observacoes" id="F4B2B231-F62F-98A9-7BDD-2D91C5A42E28">
<createdBy>augus</createdBy>
<createdTime>2024-04-03 09:47:11 UTC</createdTime>
<ownerDesignName>modelo</ownerDesignName>
<engineerTo>
<item key="69FD6FCD-52EB-313D-EDE9-351A087250DD" value="true"/>
</engineerTo>
<nullsAllowed>true</nullsAllowed>
<useDomainConstraints>false</useDomainConstraints>
<use>1</use>
<logicalDatatype>LOGDT024</logicalDatatype>
<dataTypeSize>100</dataTypeSize>
<ownDataTypeParameters>100,,</ownDataTypeParameters>
</Attribute>
<Attribute name="Cliente id" id="8DCACE16-4686-6B1E-BCA4-C1A965B67B27">
<createdBy>augus</createdBy>
<createdTime>2024-04-04 03:03:30 UTC</createdTime>
<generatorID>4D447808-DD4E-A420-541B-DD9CE8B314C4</generatorID>
<ownerDesignName>modelo</ownerDesignName>
<engineerTo>
<item key="69FD6FCD-52EB-313D-EDE9-351A087250DD" value="true"/>
</engineerTo>
<referedAttribute>7599A3C0-7923-493F-05BA-EA64A970B9D5</referedAttribute>
<useDomainConstraints>false</useDomainConstraints>
<use>1</use>
<logicalDatatype>LOGDT019</logicalDatatype>
<ownDataTypeParameters>,,</ownDataTypeParameters>
</Attribute>
<Attribute name="id1" id="0D961445-105B-9211-DA0F-C0D96DE56A92">
<createdBy>augus</createdBy>
<createdTime>2024-04-15 04:28:03 UTC</createdTime>
<generatorID>DEC6EABC-5212-7E58-A042-A11542877E97</generatorID>
<ownerDesignName>modelo</ownerDesignName>
<engineerTo>
<item key="69FD6FCD-52EB-313D-EDE9-351A087250DD" value="true"/>
</engineerTo>
<referedAttribute>5C4D9717-5172-197B-5111-588833DD0730</referedAttribute>
<useDomainConstraints>false</useDomainConstraints>
<use>1</use>
<logicalDatatype>LOGDT019</logicalDatatype>
<ownDataTypeParameters>,,</ownDataTypeParameters>
</Attribute>
</attributes>
<identifiers itemClass="oracle.dbtools.crest.model.design.logical.CandidateKey">
<identifier id="65CA26BB-41E6-4369-E7A0-53E050F76008" name="Historico_Saude_Cliente_PK">
<createdBy>augus</createdBy>
<createdTime>2024-04-04 02:53:59 UTC</createdTime>
<ownerDesignName>modelo</ownerDesignName>
<shouldEngineer>false</shouldEngineer>
<engineerTo>
<item key="69FD6FCD-52EB-313D-EDE9-351A087250DD" value="false"/>
</engineerTo>
<pk>true</pk>
<usedAttributes>
<attributeRef>8CED603C-C8F0-0D98-9DEE-AA15EA68119E</attributeRef>
</usedAttributes>
</identifier>
</identifiers>
</Entity>