<?xml version = '1.0' encoding = 'UTF-8'?>
<Entity class="oracle.dbtools.crest.model.design.logical.Entity" directorySegmentName="seg_0" id="619CD26F-0B05-306F-BB95-1438201DD567" name="Endereco_Unidade">
<createdBy>augus</createdBy>
<createdTime>2024-04-02 06:20:16 UTC</createdTime>
<ownerDesignName>modelo</ownerDesignName>
<engineerTo>
<item key="69FD6FCD-52EB-313D-EDE9-351A087250DD" value="true"/>
</engineerTo>
<adequatelyNormalized>NO</adequatelyNormalized>
<expectedVolumes>0</expectedVolumes>
<fwdEngineeringStrategyName>Single Table</fwdEngineeringStrategyName>
<growthPercent>0</growthPercent>
<growthType>Year</growthType>
<maxVolumes>9999999</maxVolumes>
<minVolumes>0</minVolumes>
<normalForm>Third</normalForm>
<attributes itemClass="oracle.dbtools.crest.model.design.logical.Attribute">
<Attribute name="id" id="58000105-F3E6-D904-B621-C24B1D55A1C5">
<createdBy>augus</createdBy>
<createdTime>2024-04-02 06:20:16 UTC</createdTime>
<ownerDesignName>modelo</ownerDesignName>
<engineerTo>
<item key="69FD6FCD-52EB-313D-EDE9-351A087250DD" value="true"/>
</engineerTo>
<useDomainConstraints>false</useDomainConstraints>
<use>1</use>
<logicalDatatype>LOGDT019</logicalDatatype>
<ownDataTypeParameters>,,</ownDataTypeParameters>
</Attribute>
<Attribute name="rua" id="A04F80C7-33D9-126A-BFF6-BDFAAC486D6B">
<createdBy>augus</createdBy>
<createdTime>2024-04-02 06:20:16 UTC</createdTime>
<ownerDesignName>modelo</ownerDesignName>
<engineerTo>
<item key="69FD6FCD-52EB-313D-EDE9-351A087250DD" value="true"/>
</engineerTo>
<nullsAllowed>true</nullsAllowed>
<useDomainConstraints>false</useDomainConstraints>
<use>1</use>
<logicalDatatype>LOGDT024</logicalDatatype>
<dataTypeSize>100</dataTypeSize>
<ownDataTypeParameters>100,,</ownDataTypeParameters>
</Attribute>
<Attribute name="numero" id="413DED17-DCC0-1865-796B-3CF20F0CFFE1">
<createdBy>augus</createdBy>
<createdTime>2024-04-02 06:20:16 UTC</createdTime>
<ownerDesignName>modelo</ownerDesignName>
<engineerTo>
<item key="69FD6FCD-52EB-313D-EDE9-351A087250DD" value="true"/>
</engineerTo>
<nullsAllowed>true</nullsAllowed>
<useDomainConstraints>false</useDomainConstraints>
<use>1</use>
<logicalDatatype>LOGDT024</logicalDatatype>
<dataTypeSize>10</dataTypeSize>
<ownDataTypeParameters>10,,</ownDataTypeParameters>
</Attribute>
<Attribute name="cep" id="AFDC88C3-8BD2-EE4C-DEC2-40524EBF04EA">
<createdBy>augus</createdBy>
<createdTime>2024-04-02 06:20:16 UTC</createdTime>
<ownerDesignName>modelo</ownerDesignName>
<engineerTo>
<item key="69FD6FCD-52EB-313D-EDE9-351A087250DD" value="true"/>
</engineerTo>
<nullsAllowed>true</nullsAllowed>
<useDomainConstraints>false</useDomainConstraints>
<use>1</use>
<logicalDatatype>LOGDT024</logicalDatatype>
<dataTypeSize>20</dataTypeSize>
<ownDataTypeParameters>20,,</ownDataTypeParameters>
</Attribute>
<Attribute name="Unidade id" id="77467E15-F690-D8DB-DCA6-2F0A5F400B17">
<createdBy>augus</createdBy>
<createdTime>2024-04-02 06:30:37 UTC</createdTime>
<generatorID>30FD7518-9C6B-8AED-9D3A-CEBE65AACFBD</generatorID>
<ownerDesignName>modelo</ownerDesignName>
<engineerTo>
<item key="69FD6FCD-52EB-313D-EDE9-351A087250DD" value="true"/>
</engineerTo>
<referedAttribute>1012C4B2-B484-B1DF-DBA4-B639362FF235</referedAttribute>
<useDomainConstraints>false</useDomainConstraints>
<use>1</use>
<logicalDatatype>LOGDT019</logicalDatatype>
<ownDataTypeParameters>,,</ownDataTypeParameters>
</Attribute>
</attributes>
<identifiers itemClass="oracle.dbtools.crest.model.design.logical.CandidateKey">
<identifier id="69032E03-5DF9-4EE1-BD70-A5113EEC138B" name="Endereco_Unidade_PK">
<createdBy>augus</createdBy>
<createdTime>2024-04-02 06:20:16 UTC</createdTime>
<ownerDesignName>modelo</ownerDesignName>
<shouldEngineer>false</shouldEngineer>
<engineerTo>
<item key="69FD6FCD-52EB-313D-EDE9-351A087250DD" value="false"/>
</engineerTo>
<pk>true</pk>
<usedAttributes>
<attributeRef>58000105-F3E6-D904-B621-C24B1D55A1C5</attributeRef>
</usedAttributes>
</identifier>
</identifiers>
</Entity>