<?xml version = '1.0' encoding = 'UTF-8'?>
<Entity class="oracle.dbtools.crest.model.design.logical.Entity" directorySegmentName="seg_0" id="6626FA7C-C97B-5196-B62E-4605BB726C88" name="Empresa">
<createdBy>gabsz</createdBy>
<createdTime>2024-04-11 04:42:01 UTC</createdTime>
<ownerDesignName>modelo</ownerDesignName>
<engineerTo>
<item key="69FD6FCD-52EB-313D-EDE9-351A087250DD" value="true"/>
</engineerTo>
<adequatelyNormalized>NO</adequatelyNormalized>
<expectedVolumes>0</expectedVolumes>
<fwdEngineeringStrategyName>Single Table</fwdEngineeringStrategyName>
<growthPercent>0</growthPercent>
<growthType>Year</growthType>
<maxVolumes>9999999</maxVolumes>
<minVolumes>0</minVolumes>
<normalForm>Third</normalForm>
<attributes itemClass="oracle.dbtools.crest.model.design.logical.Attribute">
<Attribute name="id" id="C41681AB-2F8A-1B30-CC25-A0087850CE1E">
<createdBy>gabsz</createdBy>
<createdTime>2024-04-11 04:42:14 UTC</createdTime>
<ownerDesignName>modelo</ownerDesignName>
<engineerTo>
<item key="69FD6FCD-52EB-313D-EDE9-351A087250DD" value="true"/>
</engineerTo>
<useDomainConstraints>false</useDomainConstraints>
<use>1</use>
<logicalDatatype>LOGDT019</logicalDatatype>
<ownDataTypeParameters>,,</ownDataTypeParameters>
</Attribute>
<Attribute name="cnpj" id="2B87EBBE-BF08-5D4C-26E8-2AB66F2CD4BE">
<createdBy>gabsz</createdBy>
<createdTime>2024-04-11 04:42:22 UTC</createdTime>
<ownerDesignName>modelo</ownerDesignName>
<engineerTo>
<item key="69FD6FCD-52EB-313D-EDE9-351A087250DD" value="true"/>
</engineerTo>
<nullsAllowed>true</nullsAllowed>
<useDomainConstraints>false</useDomainConstraints>
<use>1</use>
<logicalDatatype>LOGDT024</logicalDatatype>
<dataTypeSize>20</dataTypeSize>
<ownDataTypeParameters>20,,</ownDataTypeParameters>
</Attribute>
<Attribute name="nome" id="B579808B-7EF5-B033-DCAE-B7E4563B3E37">
<createdBy>gabsz</createdBy>
<createdTime>2024-04-11 04:43:10 UTC</createdTime>
<ownerDesignName>modelo</ownerDesignName>
<engineerTo>
<item key="69FD6FCD-52EB-313D-EDE9-351A087250DD" value="true"/>
</engineerTo>
<nullsAllowed>true</nullsAllowed>
<useDomainConstraints>false</useDomainConstraints>
<use>1</use>
<logicalDatatype>LOGDT024</logicalDatatype>
<dataTypeSize>100</dataTypeSize>
<ownDataTypeParameters>100,,</ownDataTypeParameters>
</Attribute>
<Attribute name="tipo" id="C8DB5800-673F-23A8-9F65-C34B2BC47F1C">
<createdBy>gabsz</createdBy>
<createdTime>2024-04-11 04:43:24 UTC</createdTime>
<ownerDesignName>modelo</ownerDesignName>
<engineerTo>
<item key="69FD6FCD-52EB-313D-EDE9-351A087250DD" value="true"/>
</engineerTo>
<nullsAllowed>true</nullsAllowed>
<useDomainConstraints>false</useDomainConstraints>
<use>1</use>
<logicalDatatype>LOGDT024</logicalDatatype>
<dataTypeSize>100</dataTypeSize>
<ownDataTypeParameters>100,,</ownDataTypeParameters>
</Attribute>
<Attribute name="telefone" id="B156E0E2-4576-8810-F3C3-B3167493CB7F">
<createdBy>gabsz</createdBy>
<createdTime>2024-04-11 04:43:36 UTC</createdTime>
<ownerDesignName>modelo</ownerDesignName>
<engineerTo>
<item key="69FD6FCD-52EB-313D-EDE9-351A087250DD" value="true"/>
</engineerTo>
<nullsAllowed>true</nullsAllowed>
<useDomainConstraints>false</useDomainConstraints>
<use>1</use>
<logicalDatatype>LOGDT024</logicalDatatype>
<dataTypeSize>20</dataTypeSize>
<ownDataTypeParameters>20,,</ownDataTypeParameters>
</Attribute>
<Attribute name="email" id="91FDCEA1-7E0E-964B-7998-F0D9CD72B4C8">
<createdBy>gabsz</createdBy>
<createdTime>2024-04-11 04:43:50 UTC</createdTime>
<ownerDesignName>modelo</ownerDesignName>
<engineerTo>
<item key="69FD6FCD-52EB-313D-EDE9-351A087250DD" value="true"/>
</engineerTo>
<nullsAllowed>true</nullsAllowed>
<useDomainConstraints>false</useDomainConstraints>
<use>1</use>
<logicalDatatype>LOGDT024</logicalDatatype>
<dataTypeSize>100</dataTypeSize>
<ownDataTypeParameters>100,,</ownDataTypeParameters>
</Attribute>
</attributes>
<identifiers itemClass="oracle.dbtools.crest.model.design.logical.CandidateKey">
<identifier id="5E53A9C7-AF6A-5867-52FF-8D16A5E9FC5D" name="Empresa PK">
<createdBy>gabsz</createdBy>
<createdTime>2024-04-11 04:44:55 UTC</createdTime>
<ownerDesignName>modelo</ownerDesignName>
<shouldEngineer>false</shouldEngineer>
<engineerTo>
<item key="69FD6FCD-52EB-313D-EDE9-351A087250DD" value="false"/>
</engineerTo>
<pk>true</pk>
<usedAttributes>
<attributeRef>C41681AB-2F8A-1B30-CC25-A0087850CE1E</attributeRef>
</usedAttributes>
</identifier>
</identifiers>
</Entity>