<?xml version = '1.0' encoding = 'UTF-8'?>
<Entity class="oracle.dbtools.crest.model.design.logical.Entity" directorySegmentName="seg_0" id="9D68900E-857D-3F47-B4FF-9697766204BB" name="Historico_Hospital">
<createdBy>augus</createdBy>
<createdTime>2024-04-03 09:47:23 UTC</createdTime>
<ownerDesignName>modelo</ownerDesignName>
<engineerTo>
<item key="69FD6FCD-52EB-313D-EDE9-351A087250DD" value="true"/>
</engineerTo>
<adequatelyNormalized>NO</adequatelyNormalized>
<expectedVolumes>0</expectedVolumes>
<fwdEngineeringStrategyName>Single Table</fwdEngineeringStrategyName>
<growthPercent>0</growthPercent>
<growthType>Year</growthType>
<maxVolumes>9999999</maxVolumes>
<minVolumes>0</minVolumes>
<normalForm>Third</normalForm>
<attributes itemClass="oracle.dbtools.crest.model.design.logical.Attribute">
<Attribute name="id" id="D518CE9D-71D3-5F8E-B4FC-B534ED3F0060">
<createdBy>augus</createdBy>
<createdTime>2024-04-03 09:47:37 UTC</createdTime>
<ownerDesignName>modelo</ownerDesignName>
<engineerTo>
<item key="69FD6FCD-52EB-313D-EDE9-351A087250DD" value="true"/>
</engineerTo>
<useDomainConstraints>false</useDomainConstraints>
<use>1</use>
<logicalDatatype>LOGDT019</logicalDatatype>
<ownDataTypeParameters>,,</ownDataTypeParameters>
</Attribute>
<Attribute name="data_registro" id="D0CAF755-DDAD-3BAD-EB8C-8350406E2434">
<createdBy>augus</createdBy>
<createdTime>2024-04-03 09:47:42 UTC</createdTime>
<ownerDesignName>modelo</ownerDesignName>
<engineerTo>
<item key="69FD6FCD-52EB-313D-EDE9-351A087250DD" value="true"/>
</engineerTo>
<nullsAllowed>true</nullsAllowed>
<useDomainConstraints>false</useDomainConstraints>
<use>1</use>
<logicalDatatype>LOGDT007</logicalDatatype>
<ownDataTypeParameters>,,</ownDataTypeParameters>
</Attribute>
<Attribute name="historico_medico" id="B7584ABE-6F8A-838D-AD33-876A06B8135C">
<createdBy>augus</createdBy>
<createdTime>2024-04-03 09:47:45 UTC</createdTime>
<ownerDesignName>modelo</ownerDesignName>
<engineerTo>
<item key="69FD6FCD-52EB-313D-EDE9-351A087250DD" value="true"/>
</engineerTo>
<nullsAllowed>true</nullsAllowed>
<useDomainConstraints>false</useDomainConstraints>
<use>1</use>
<logicalDatatype>LOGDT024</logicalDatatype>
<dataTypeSize>100</dataTypeSize>
<ownDataTypeParameters>100,,</ownDataTypeParameters>
</Attribute>
<Attribute name="exame_realizado" id="ADEBACDA-0CB7-5065-D812-8B50C2B9F101">
<createdBy>augus</createdBy>
<createdTime>2024-04-03 09:47:49 UTC</createdTime>
<ownerDesignName>modelo</ownerDesignName>
<engineerTo>
<item key="69FD6FCD-52EB-313D-EDE9-351A087250DD" value="true"/>
</engineerTo>
<nullsAllowed>true</nullsAllowed>
<useDomainConstraints>false</useDomainConstraints>
<use>1</use>
<logicalDatatype>LOGDT024</logicalDatatype>
<dataTypeSize>100</dataTypeSize>
<ownDataTypeParameters>100,,</ownDataTypeParameters>
</Attribute>
<Attribute name="medicamento_prescrito" id="C0FA53A6-1D14-FF31-7C78-D27C5BC9FAAB">
<createdBy>augus</createdBy>
<createdTime>2024-04-03 09:47:52 UTC</createdTime>
<ownerDesignName>modelo</ownerDesignName>
<engineerTo>
<item key="69FD6FCD-52EB-313D-EDE9-351A087250DD" value="true"/>
</engineerTo>
<nullsAllowed>true</nullsAllowed>
<useDomainConstraints>false</useDomainConstraints>
<use>1</use>
<logicalDatatype>LOGDT024</logicalDatatype>
<dataTypeSize>100</dataTypeSize>
<ownDataTypeParameters>100,,</ownDataTypeParameters>
</Attribute>
<Attribute name="observacoes" id="6A2BC2EE-915C-C261-260E-A7E6691F255A">
<createdBy>augus</createdBy>
<createdTime>2024-04-03 09:47:56 UTC</createdTime>
<ownerDesignName>modelo</ownerDesignName>
<engineerTo>
<item key="69FD6FCD-52EB-313D-EDE9-351A087250DD" value="true"/>
</engineerTo>
<nullsAllowed>true</nullsAllowed>
<useDomainConstraints>false</useDomainConstraints>
<use>1</use>
<logicalDatatype>LOGDT024</logicalDatatype>
<dataTypeSize>100</dataTypeSize>
<ownDataTypeParameters>100,,</ownDataTypeParameters>
</Attribute>
<Attribute name="Cliente id" id="F632FEC3-07DD-476D-A694-B6FDCBD9C343">
<createdBy>augus</createdBy>
<createdTime>2024-04-04 03:03:17 UTC</createdTime>
<generatorID>F85FE85C-82BA-0EDF-1FF4-4BDCB29CFA28</generatorID>
<ownerDesignName>modelo</ownerDesignName>
<engineerTo>
<item key="69FD6FCD-52EB-313D-EDE9-351A087250DD" value="true"/>
</engineerTo>
<referedAttribute>7599A3C0-7923-493F-05BA-EA64A970B9D5</referedAttribute>
<useDomainConstraints>false</useDomainConstraints>
<use>1</use>
<logicalDatatype>LOGDT019</logicalDatatype>
<ownDataTypeParameters>,,</ownDataTypeParameters>
</Attribute>
</attributes>
<identifiers itemClass="oracle.dbtools.crest.model.design.logical.CandidateKey">
<identifier id="BADF875C-C837-F3C2-AD0D-1A48B80E0275" name="Historico_Hospital_Cliente_PK">
<createdBy>augus</createdBy>
<createdTime>2024-04-04 02:53:45 UTC</createdTime>
<ownerDesignName>modelo</ownerDesignName>
<shouldEngineer>false</shouldEngineer>
<engineerTo>
<item key="69FD6FCD-52EB-313D-EDE9-351A087250DD" value="false"/>
</engineerTo>
<pk>true</pk>
<usedAttributes>
<attributeRef>D518CE9D-71D3-5F8E-B4FC-B534ED3F0060</attributeRef>
</usedAttributes>
</identifier>
</identifiers>
</Entity>