<?xml version = '1.0' encoding = 'UTF-8'?>
<Entity class="oracle.dbtools.crest.model.design.logical.Entity" directorySegmentName="seg_0" id="CE5BC484-A964-8625-3512-6C401A4AC7BE" name="Medico_Unidade">
<createdBy>augus</createdBy>
<createdTime>2024-04-02 06:24:12 UTC</createdTime>
<ownerDesignName>modelo</ownerDesignName>
<engineerTo>
<item key="69FD6FCD-52EB-313D-EDE9-351A087250DD" value="true"/>
</engineerTo>
<adequatelyNormalized>NO</adequatelyNormalized>
<expectedVolumes>0</expectedVolumes>
<fwdEngineeringStrategyName>Single Table</fwdEngineeringStrategyName>
<growthPercent>0</growthPercent>
<growthType>Year</growthType>
<maxVolumes>9999999</maxVolumes>
<minVolumes>0</minVolumes>
<normalForm>Third</normalForm>
<attributes itemClass="oracle.dbtools.crest.model.design.logical.Attribute">
<Attribute name="id" id="20141640-D85B-5E18-0EB5-2ACBE43C9820">
<createdBy>augus</createdBy>
<createdTime>2024-04-02 06:24:26 UTC</createdTime>
<ownerDesignName>modelo</ownerDesignName>
<engineerTo>
<item key="69FD6FCD-52EB-313D-EDE9-351A087250DD" value="true"/>
</engineerTo>
<useDomainConstraints>false</useDomainConstraints>
<use>1</use>
<logicalDatatype>LOGDT019</logicalDatatype>
<ownDataTypeParameters>,,</ownDataTypeParameters>
</Attribute>
<Attribute name="horario_atendimento" id="E63C51CB-8D84-6526-B606-7BC18F296C97">
<createdBy>augus</createdBy>
<createdTime>2024-04-02 06:24:38 UTC</createdTime>
<ownerDesignName>modelo</ownerDesignName>
<engineerTo>
<item key="69FD6FCD-52EB-313D-EDE9-351A087250DD" value="true"/>
</engineerTo>
<nullsAllowed>true</nullsAllowed>
<useDomainConstraints>false</useDomainConstraints>
<use>1</use>
<logicalDatatype>LOGDT024</logicalDatatype>
<dataTypeSize>100</dataTypeSize>
<ownDataTypeParameters>100,,</ownDataTypeParameters>
</Attribute>
<Attribute name="Unidade id" id="07B06C68-5F9B-E4C6-B4DC-534E9CE44FFD">
<createdBy>augus</createdBy>
<createdTime>2024-04-02 06:29:55 UTC</createdTime>
<generatorID>964EDFFF-C423-0EC0-3B31-524333D5931B</generatorID>
<ownerDesignName>modelo</ownerDesignName>
<engineerTo>
<item key="69FD6FCD-52EB-313D-EDE9-351A087250DD" value="true"/>
</engineerTo>
<referedAttribute>1012C4B2-B484-B1DF-DBA4-B639362FF235</referedAttribute>
<useDomainConstraints>false</useDomainConstraints>
<use>1</use>
<logicalDatatype>LOGDT019</logicalDatatype>
<ownDataTypeParameters>,,</ownDataTypeParameters>
</Attribute>
<Attribute name="Medico id" id="25D11A61-DBDB-13BF-AEC4-2CA18705DC41">
<createdBy>augus</createdBy>
<createdTime>2024-04-02 06:30:01 UTC</createdTime>
<generatorID>05521D5C-804B-4CC7-CEBF-2D75300242D5</generatorID>
<ownerDesignName>modelo</ownerDesignName>
<engineerTo>
<item key="69FD6FCD-52EB-313D-EDE9-351A087250DD" value="true"/>
</engineerTo>
<referedAttribute>319AC895-E451-E324-2CAE-1D7F3E0E6834</referedAttribute>
<useDomainConstraints>false</useDomainConstraints>
<use>1</use>
<logicalDatatype>LOGDT019</logicalDatatype>
<ownDataTypeParameters>,,</ownDataTypeParameters>
</Attribute>
</attributes>
<identifiers itemClass="oracle.dbtools.crest.model.design.logical.CandidateKey">
<identifier id="08A5B694-B1D5-1A00-BF65-AF1D910090BB" name="Medico_Unidade_PK">
<createdBy>augus</createdBy>
<createdTime>2024-04-02 06:29:57 UTC</createdTime>
<ownerDesignName>modelo</ownerDesignName>
<shouldEngineer>false</shouldEngineer>
<engineerTo>
<item key="69FD6FCD-52EB-313D-EDE9-351A087250DD" value="false"/>
</engineerTo>
<pk>true</pk>
<usedAttributes>
<attributeRef>20141640-D85B-5E18-0EB5-2ACBE43C9820</attributeRef>
</usedAttributes>
</identifier>
</identifiers>
</Entity>