<?xml version = '1.0' encoding = 'UTF-8'?>
<Diagram class="oracle.dbtools.crest.swingui.logical.DPVLogical" name="Logical" id="7DB4C0CE-DD22-1CF1-BD90-6DCD3941F0B2">
<createdBy>augus</createdBy>
<modifiedBy>augus</modifiedBy>
<createdTime>2024-04-02 06:02:59 UTC</createdTime>
<autoRoute>false</autoRoute>
<boxInbox>true</boxInbox>
<showLegend>false</showLegend>
<showLabels>false</showLabels>
<showRelAttributes>false</showRelAttributes>
<gridEnabled>false</gridEnabled>
<showGrid>false</showGrid>
<diagramColor>-1</diagramColor>
<display>false</display>
<notation>1</notation>
<objectViews>
<OView class="oracle.dbtools.crest.swingui.logical.TVEntity" oid="0339AEC9-B070-25CE-AC83-44B43A5E07A0" otype="Entity" vid="6A423913-FEE0-4C35-2894-0EC1F9013118">
<hideElementsInCurrentOnly>false</hideElementsInCurrentOnly>
<bounds x="122" y="286" width="156" height="82"/>
</OView>
<OView class="oracle.dbtools.crest.swingui.logical.TVEntity" oid="21E80DE4-9F17-EF07-D05B-28A44356B039" otype="Entity" vid="7D2BD546-322A-60C4-7AF7-F5DF15350458">
<hideElementsInCurrentOnly>false</hideElementsInCurrentOnly>
<bounds x="819" y="463" width="114" height="110"/>
</OView>
<OView class="oracle.dbtools.crest.swingui.logical.TVEntity" oid="34DC5258-3259-5525-5E7E-97FA532D4EB4" otype="Entity" vid="9B81BACF-FE69-AF91-E46F-0A61B29237BD">
<hideElementsInCurrentOnly>false</hideElementsInCurrentOnly>
<bounds x="1072" y="325" width="96" height="96"/>
</OView>
<OView class="oracle.dbtools.crest.swingui.logical.TVEntity" oid="619CD26F-0B05-306F-BB95-1438201DD567" otype="Entity" vid="D784BFB5-1F5E-76B9-88E9-A3DF9A3EE0C9">
<hideElementsInCurrentOnly>false</hideElementsInCurrentOnly>
<bounds x="807" y="321" width="128" height="82"/>
</OView>
<OView class="oracle.dbtools.crest.swingui.logical.TVEntity" oid="6626FA7C-C97B-5196-B62E-4605BB726C88" otype="Entity" vid="AAE12460-786F-97EE-D55B-E3C12EC79FBF">
<hideElementsInCurrentOnly>false</hideElementsInCurrentOnly>
<bounds x="585" y="481" width="96" height="110"/>
</OView>
<OView class="oracle.dbtools.crest.swingui.logical.TVEntity" oid="87220CB3-D8B4-416C-816B-C5A1745E7CAD" otype="Entity" vid="4DD4171B-2D08-ABB9-052A-B1D4DAFF79F7">
<hideElementsInCurrentOnly>false</hideElementsInCurrentOnly>
<bounds x="353" y="118" width="98" height="54"/>
</OView>
<OView class="oracle.dbtools.crest.swingui.logical.TVEntity" oid="980346AB-6E40-D398-ED17-0710A10A6392" otype="Entity" vid="E5EC7204-52AD-94EA-084C-FF0C054B4FBB">
<hideElementsInCurrentOnly>false</hideElementsInCurrentOnly>
<bounds x="1057" y="227" width="105" height="54"/>
</OView>
<OView class="oracle.dbtools.crest.swingui.logical.TVEntity" oid="9CD94D1C-B482-0E9C-91B2-827AE53F4218" otype="Entity" vid="A062C616-43A1-9F41-811E-F78C7E9C25A3">
<hideElementsInCurrentOnly>false</hideElementsInCurrentOnly>
<bounds x="334" y="271" width="139" height="138"/>
</OView>
<OView class="oracle.dbtools.crest.swingui.logical.TVEntity" oid="9D68900E-857D-3F47-B4FF-9697766204BB" otype="Entity" vid="CD74EA6E-46BA-2F1C-E5E1-C656178D8A8E">
<hideElementsInCurrentOnly>false</hideElementsInCurrentOnly>
<bounds x="323" y="484" width="169" height="110"/>
</OView>
<OView class="oracle.dbtools.crest.swingui.logical.TVEntity" oid="A041B12D-3AB2-B733-2FF3-FB2AAE8332C1" otype="Entity" vid="2898D2A8-2F2D-27E2-286D-049DE720BC9F">
<hideElementsInCurrentOnly>false</hideElementsInCurrentOnly>
<bounds x="831" y="631" width="104" height="54"/>
</OView>
<OView class="oracle.dbtools.crest.swingui.logical.TVEntity" oid="C4722A91-C1A2-D928-922D-A2116E7EE52C" otype="Entity" vid="061EF5AD-8742-B6C9-3036-1209EDB34F3D">
<hideElementsInCurrentOnly>false</hideElementsInCurrentOnly>
<bounds x="581" y="149" width="122" height="82"/>
</OView>
<OView class="oracle.dbtools.crest.swingui.logical.TVEntity" oid="CBCEE984-E094-C628-E202-22DFE66F1D01" otype="Entity" vid="370E576F-2E8A-E0BE-7A86-C7D7BA12EDA1">
<hideElementsInCurrentOnly>false</hideElementsInCurrentOnly>
<bounds x="155" y="172" width="100" height="54"/>
</OView>
<OView class="oracle.dbtools.crest.swingui.logical.TVEntity" oid="CE5BC484-A964-8625-3512-6C401A4AC7BE" otype="Entity" vid="10A47637-62B0-6DB6-19E9-3EB273D2BE0C">
<hideElementsInCurrentOnly>false</hideElementsInCurrentOnly>
<bounds x="1035" y="479" width="156" height="54"/>
</OView>
<OView class="oracle.dbtools.crest.swingui.logical.TVEntity" oid="EEC80213-1024-8E8F-E562-845A4B9C6F88" otype="Entity" vid="4C996DB8-CEF6-D7D9-1A99-EC06E26025F4">
<hideElementsInCurrentOnly>false</hideElementsInCurrentOnly>
<bounds x="821" y="176" width="84" height="54"/>
</OView>
<OView class="oracle.dbtools.crest.swingui.logical.TVEntity" oid="F00215AB-A3A8-58DB-C293-9D9A8CE70DAC" otype="Entity" vid="23B1D7B6-7734-FBEB-A4A2-BE508A5A5038">
<hideElementsInCurrentOnly>false</hideElementsInCurrentOnly>
<bounds x="816" y="82" width="84" height="54"/>
</OView>
<OView class="oracle.dbtools.crest.swingui.logical.TVEntity" oid="F6E6CA6B-188F-061C-418F-32CE51847431" otype="Entity" vid="213B76F4-3CAD-56FE-2A09-6EE32CB00BFB">
<hideElementsInCurrentOnly>false</hideElementsInCurrentOnly>
<bounds x="553" y="290" width="114" height="124"/>
</OView>
</objectViews>
<connectors>
<Connector class="oracle.dbtools.crest.swingui.logical.TVRelation" oid="05521D5C-804B-4CC7-CEBF-2D75300242D5" otype="Relation" vid_source="9B81BACF-FE69-AF91-E46F-0A61B29237BD" vid_target="10A47637-62B0-6DB6-19E9-3EB273D2BE0C">
<hideElementsInCurrentOnly>false</hideElementsInCurrentOnly>
<backgroundColor>-16777216</backgroundColor>
<lineWidth>1</lineWidth>
<points>
<point x="1120" y="421"/>
<point x="1120" y="479"/>
</points>
</Connector>
<Connector class="oracle.dbtools.crest.swingui.logical.TVRelation" oid="226DA884-1DA8-4D15-2730-B7585D37114D" otype="Relation" vid_source="AAE12460-786F-97EE-D55B-E3C12EC79FBF" vid_target="7D2BD546-322A-60C4-7AF7-F5DF15350458">
<hideElementsInCurrentOnly>false</hideElementsInCurrentOnly>
<backgroundColor>-16777216</backgroundColor>
<lineWidth>1</lineWidth>
<points>
<point x="681" y="527"/>
<point x="819" y="527"/>
</points>
</Connector>
<Connector class="oracle.dbtools.crest.swingui.logical.TVRelation" oid="23239D5E-7804-0337-0837-316A41CC2755" otype="Relation" vid_source="E5EC7204-52AD-94EA-084C-FF0C054B4FBB" vid_target="9B81BACF-FE69-AF91-E46F-0A61B29237BD">
<hideElementsInCurrentOnly>false</hideElementsInCurrentOnly>
<backgroundColor>-16777216</backgroundColor>
<lineWidth>1</lineWidth>
<points>
<point x="1117" y="281"/>
<point x="1117" y="325"/>
</points>
</Connector>
<Connector class="oracle.dbtools.crest.swingui.logical.TVRelation" oid="30FD7518-9C6B-8AED-9D3A-CEBE65AACFBD" otype="Relation" vid_source="7D2BD546-322A-60C4-7AF7-F5DF15350458" vid_target="D784BFB5-1F5E-76B9-88E9-A3DF9A3EE0C9">
<hideElementsInCurrentOnly>false</hideElementsInCurrentOnly>
<backgroundColor>-16777216</backgroundColor>
<lineWidth>1</lineWidth>
<points>
<point x="875" y="463"/>
<point x="875" y="403"/>
</points>
</Connector>
<Connector class="oracle.dbtools.crest.swingui.logical.TVRelation" oid="36FCD365-3581-F681-8420-7194EEA61837" otype="Relation" vid_source="A062C616-43A1-9F41-811E-F78C7E9C25A3" vid_target="061EF5AD-8742-B6C9-3036-1209EDB34F3D">
<hideElementsInCurrentOnly>false</hideElementsInCurrentOnly>
<backgroundColor>-16777216</backgroundColor>
<lineWidth>1</lineWidth>
<points>
<point x="473" y="297"/>
<point x="581" y="227"/>
</points>
</Connector>
<Connector class="oracle.dbtools.crest.swingui.logical.TVRelation" oid="4D447808-DD4E-A420-541B-DD9CE8B314C4" otype="Relation" vid_source="A062C616-43A1-9F41-811E-F78C7E9C25A3" vid_target="6A423913-FEE0-4C35-2894-0EC1F9013118">
<hideElementsInCurrentOnly>false</hideElementsInCurrentOnly>
<backgroundColor>-16777216</backgroundColor>
<lineWidth>1</lineWidth>
<points>
<point x="334" y="327"/>
<point x="278" y="327"/>
</points>
</Connector>
<Connector class="oracle.dbtools.crest.swingui.logical.TVRelation" oid="504A08C6-D3AF-5F19-D7A2-D937E5112322" otype="Relation" vid_source="23B1D7B6-7734-FBEB-A4A2-BE508A5A5038" vid_target="4C996DB8-CEF6-D7D9-1A99-EC06E26025F4">
<hideElementsInCurrentOnly>false</hideElementsInCurrentOnly>
<backgroundColor>-16777216</backgroundColor>
<lineWidth>1</lineWidth>
<points>
<point x="860" y="136"/>
<point x="860" y="176"/>
</points>
</Connector>
<Connector class="oracle.dbtools.crest.swingui.logical.TVRelation" oid="6594D5FE-3632-523C-8E77-53924594480E" otype="Relation" vid_source="4DD4171B-2D08-ABB9-052A-B1D4DAFF79F7" vid_target="A062C616-43A1-9F41-811E-F78C7E9C25A3">
<hideElementsInCurrentOnly>false</hideElementsInCurrentOnly>
<backgroundColor>-16777216</backgroundColor>
<lineWidth>1</lineWidth>
<points>
<point x="400" y="172"/>
<point x="400" y="271"/>
</points>
</Connector>
<Connector class="oracle.dbtools.crest.swingui.logical.TVRelation" oid="72ECCEE6-B56F-3A81-9841-FB47CCEC9E4A" otype="Relation" vid_source="AAE12460-786F-97EE-D55B-E3C12EC79FBF" vid_target="213B76F4-3CAD-56FE-2A09-6EE32CB00BFB">
<hideElementsInCurrentOnly>false</hideElementsInCurrentOnly>
<backgroundColor>-16777216</backgroundColor>
<lineWidth>1</lineWidth>
<points>
<point x="626" y="481"/>
<point x="626" y="414"/>
</points>
</Connector>
<Connector class="oracle.dbtools.crest.swingui.logical.TVRelation" oid="86E90590-9513-341E-FA32-17CC2134731A" otype="Relation" vid_source="4C996DB8-CEF6-D7D9-1A99-EC06E26025F4" vid_target="061EF5AD-8742-B6C9-3036-1209EDB34F3D">
<hideElementsInCurrentOnly>false</hideElementsInCurrentOnly>
<backgroundColor>-16777216</backgroundColor>
<lineWidth>1</lineWidth>
<points>
<point x="821" y="203"/>
<point x="703" y="203"/>
</points>
</Connector>
<Connector class="oracle.dbtools.crest.swingui.logical.TVRelation" oid="90F487ED-8CE3-B912-B8EC-68566C1DEFB5" otype="Relation" vid_source="4C996DB8-CEF6-D7D9-1A99-EC06E26025F4" vid_target="D784BFB5-1F5E-76B9-88E9-A3DF9A3EE0C9">
<hideElementsInCurrentOnly>false</hideElementsInCurrentOnly>
<backgroundColor>-16777216</backgroundColor>
<lineWidth>1</lineWidth>
<points>
<point x="863" y="230"/>
<point x="863" y="321"/>
</points>
</Connector>
<Connector class="oracle.dbtools.crest.swingui.logical.TVRelation" oid="964EDFFF-C423-0EC0-3B31-524333D5931B" otype="Relation" vid_source="7D2BD546-322A-60C4-7AF7-F5DF15350458" vid_target="10A47637-62B0-6DB6-19E9-3EB273D2BE0C">
<hideElementsInCurrentOnly>false</hideElementsInCurrentOnly>
<backgroundColor>-16777216</backgroundColor>
<lineWidth>1</lineWidth>
<points>
<point x="933" y="506"/>
<point x="1035" y="506"/>
</points>
</Connector>
<Connector class="oracle.dbtools.crest.swingui.logical.TVRelation" oid="A6E3920B-2416-FCF2-D196-FFB2BEBA9417" otype="Relation" vid_source="2898D2A8-2F2D-27E2-286D-049DE720BC9F" vid_target="7D2BD546-322A-60C4-7AF7-F5DF15350458">
<hideElementsInCurrentOnly>false</hideElementsInCurrentOnly>
<backgroundColor>-16777216</backgroundColor>
<lineWidth>1</lineWidth>
<points>
<point x="882" y="631"/>
<point x="882" y="573"/>
</points>
</Connector>
<Connector class="oracle.dbtools.crest.swingui.logical.TVRelation" oid="BC4E3CCB-5598-3AD2-CFFE-E6B39F6E7655" otype="Relation" vid_source="213B76F4-3CAD-56FE-2A09-6EE32CB00BFB" vid_target="A062C616-43A1-9F41-811E-F78C7E9C25A3">
<hideElementsInCurrentOnly>false</hideElementsInCurrentOnly>
<backgroundColor>-16777216</backgroundColor>
<lineWidth>1</lineWidth>
<points>
<point x="553" y="349"/>
<point x="473" y="349"/>
</points>
</Connector>
<Connector class="oracle.dbtools.crest.swingui.logical.TVRelation" oid="DEC6EABC-5212-7E58-A042-A11542877E97" otype="Relation" vid_source="370E576F-2E8A-E0BE-7A86-C7D7BA12EDA1" vid_target="6A423913-FEE0-4C35-2894-0EC1F9013118">
<hideElementsInCurrentOnly>false</hideElementsInCurrentOnly>
<backgroundColor>-16777216</backgroundColor>
<lineWidth>1</lineWidth>
<points>
<point x="190" y="226"/>
<point x="190" y="286"/>
</points>
</Connector>
<Connector class="oracle.dbtools.crest.swingui.logical.TVRelation" oid="F85FE85C-82BA-0EDF-1FF4-4BDCB29CFA28" otype="Relation" vid_source="A062C616-43A1-9F41-811E-F78C7E9C25A3" vid_target="CD74EA6E-46BA-2F1C-E5E1-C656178D8A8E">
<hideElementsInCurrentOnly>false</hideElementsInCurrentOnly>
<backgroundColor>-16777216</backgroundColor>
<lineWidth>1</lineWidth>
<points>
<point x="402" y="409"/>
<point x="402" y="484"/>
</points>
</Connector>
</connectors>
</Diagram>