<?xml version = '1.0' encoding = 'UTF-8'?>
<Table class="oracle.dbtools.crest.model.design.relational.Table" directorySegmentName="seg_0" id="52BB0C23-83D2-75D4-E5DC-44F50148E2E8" name="Medico_Unidade">
<createdBy>augus</createdBy>
<createdTime>2024-04-15 04:28:16 UTC</createdTime>
<generatorID>CE5BC484-A964-8625-3512-6C401A4AC7BE</generatorID>
<ownerDesignName>modelo</ownerDesignName>
<allowColumnReorder>false</allowColumnReorder>
<existDependencyGenerateInDDl>true</existDependencyGenerateInDDl>
<parsed>true</parsed>
<columns itemClass="oracle.dbtools.crest.model.design.relational.Column">
<Column name="id" id="BEF8DB77-6EA8-27DB-29C5-D868FDDECD43">
<createdBy>augus</createdBy>
<createdTime>2024-04-15 04:28:16 UTC</createdTime>
<generatorID>20141640-D85B-5E18-0EB5-2ACBE43C9820</generatorID>
<ownerDesignName>modelo</ownerDesignName>
<useDomainConstraints>false</useDomainConstraints>
<use>1</use>
<logicalDatatype>LOGDT019</logicalDatatype>
<ownDataTypeParameters>,,</ownDataTypeParameters>
<autoIncrementCycle>false</autoIncrementCycle>
</Column>
<Column name="horario_atendimento" id="A05FBD98-9AC0-AD81-9A5C-68753530024D">
<createdBy>augus</createdBy>
<createdTime>2024-04-15 04:28:16 UTC</createdTime>
<generatorID>E63C51CB-8D84-6526-B606-7BC18F296C97</generatorID>
<ownerDesignName>modelo</ownerDesignName>
<nullsAllowed>true</nullsAllowed>
<useDomainConstraints>false</useDomainConstraints>
<use>1</use>
<logicalDatatype>LOGDT024</logicalDatatype>
<dataTypeSize>100</dataTypeSize>
<ownDataTypeParameters>100,,</ownDataTypeParameters>
<autoIncrementCycle>false</autoIncrementCycle>
</Column>
<Column name="Unidade_id" id="ABF010E6-E211-D8D1-1E03-B470992D58CE">
<createdBy>augus</createdBy>
<createdTime>2024-04-15 04:28:16 UTC</createdTime>
<generatorID>07B06C68-5F9B-E4C6-B4DC-534E9CE44FFD</generatorID>
<ownerDesignName>modelo</ownerDesignName>
<useDomainConstraints>false</useDomainConstraints>
<use>1</use>
<logicalDatatype>LOGDT019</logicalDatatype>
<ownDataTypeParameters>,,</ownDataTypeParameters>
<previousColumn>false</previousColumn>
<autoIncrementCycle>false</autoIncrementCycle>
<associations>
<colAssociation fkAssociation="3EB37131-527F-2C7B-5D7A-03446CE1693A" referredColumn="8335B959-1A97-4AC9-72FB-B219D8A5A998"/>
</associations>
</Column>
<Column name="Medico_id" id="21362A28-C53E-13E1-5363-F6EC83BE7214">
<createdBy>augus</createdBy>
<createdTime>2024-04-15 04:28:16 UTC</createdTime>
<generatorID>25D11A61-DBDB-13BF-AEC4-2CA18705DC41</generatorID>
<ownerDesignName>modelo</ownerDesignName>
<useDomainConstraints>false</useDomainConstraints>
<use>1</use>
<logicalDatatype>LOGDT019</logicalDatatype>
<ownDataTypeParameters>,,</ownDataTypeParameters>
<previousColumn>false</previousColumn>
<autoIncrementCycle>false</autoIncrementCycle>
<associations>
<colAssociation fkAssociation="A57AF270-5F76-5C39-A0D0-94DD358AF61A" referredColumn="482242E4-C362-A376-17BC-D6CA44F968B2"/>
</associations>
</Column>
</columns>
<indexes itemClass="oracle.dbtools.crest.model.design.relational.Index">
<ind_PK_UK id="D7AD3814-FB73-21FD-1E24-B512B6022983" name="Medico_Unidade_PK">
<createdBy>augus</createdBy>
<createdTime>2024-04-15 04:28:16 UTC</createdTime>
<generatorID>08A5B694-B1D5-1A00-BF65-AF1D910090BB</generatorID>
<ownerDesignName>modelo</ownerDesignName>
<pk>true</pk>
<indexState>Primary Constraint</indexState>
<isSurrogateKey>false</isSurrogateKey>
<indexColumnUsage>
<colUsage columnID="BEF8DB77-6EA8-27DB-29C5-D868FDDECD43"/>
</indexColumnUsage>
</ind_PK_UK>
<ind_PK_UK id="73ED1F31-8F0E-0A6A-CE6F-EE271C1D7BD1" name="Medico_Unidade_Medico_FK">
<createdBy>augus</createdBy>
<createdTime>2024-04-15 04:28:17 UTC</createdTime>
<generatorID>05521D5C-804B-4CC7-CEBF-2D75300242D5</generatorID>
<ownerDesignName>modelo</ownerDesignName>
<indexState>Foreign Key</indexState>
<isSurrogateKey>false</isSurrogateKey>
<indexColumnUsage>
<colUsage columnID="21362A28-C53E-13E1-5363-F6EC83BE7214"/>
</indexColumnUsage>
</ind_PK_UK>
<ind_PK_UK id="AB651006-63E5-F225-EE91-C43A8B05389E" name="Medico_Unidade_Unidade_FK">
<createdBy>augus</createdBy>
<createdTime>2024-04-15 04:28:17 UTC</createdTime>
<generatorID>964EDFFF-C423-0EC0-3B31-524333D5931B</generatorID>
<ownerDesignName>modelo</ownerDesignName>
<indexState>Foreign Key</indexState>
<isSurrogateKey>false</isSurrogateKey>
<indexColumnUsage>
<colUsage columnID="ABF010E6-E211-D8D1-1E03-B470992D58CE"/>
</indexColumnUsage>
</ind_PK_UK>
</indexes>
</Table>