<?xml version = '1.0' encoding = 'UTF-8'?>
<Table class="oracle.dbtools.crest.model.design.relational.Table" directorySegmentName="seg_0" id="AC04ADBD-80EA-ED37-684F-1B37DCFAF51A" name="Cidade">
<createdBy>augus</createdBy>
<createdTime>2024-04-15 04:28:16 UTC</createdTime>
<generatorID>EEC80213-1024-8E8F-E562-845A4B9C6F88</generatorID>
<ownerDesignName>modelo</ownerDesignName>
<allowColumnReorder>false</allowColumnReorder>
<existDependencyGenerateInDDl>true</existDependencyGenerateInDDl>
<parsed>true</parsed>
<columns itemClass="oracle.dbtools.crest.model.design.relational.Column">
<Column name="id" id="E9D362BF-74D1-D257-D7D4-3085C6FA20A1">
<createdBy>augus</createdBy>
<createdTime>2024-04-15 04:28:16 UTC</createdTime>
<generatorID>B5C2937D-0A11-CE01-19B6-FCB14FF0F232</generatorID>
<ownerDesignName>modelo</ownerDesignName>
<useDomainConstraints>false</useDomainConstraints>
<use>1</use>
<logicalDatatype>LOGDT019</logicalDatatype>
<ownDataTypeParameters>,,</ownDataTypeParameters>
<autoIncrementCycle>false</autoIncrementCycle>
</Column>
<Column name="nome" id="1AB52E55-8D1D-54B8-C866-E96AF9CFD2EA">
<createdBy>augus</createdBy>
<createdTime>2024-04-15 04:28:16 UTC</createdTime>
<generatorID>889A2637-A6CD-D597-E5D7-450F17D51D7F</generatorID>
<ownerDesignName>modelo</ownerDesignName>
<nullsAllowed>true</nullsAllowed>
<useDomainConstraints>false</useDomainConstraints>
<use>1</use>
<logicalDatatype>LOGDT024</logicalDatatype>
<dataTypeSize>100</dataTypeSize>
<ownDataTypeParameters>100,,</ownDataTypeParameters>
<autoIncrementCycle>false</autoIncrementCycle>
</Column>
<Column name="Cidade_ID" id="CFAC43F7-3915-149C-09DD-BD46FB906E02">
<createdBy>augus</createdBy>
<createdTime>2024-04-15 04:28:16 UTC</createdTime>
<ownerDesignName>modelo</ownerDesignName>
<useDomainConstraints>false</useDomainConstraints>
<use>1</use>
<logicalDatatype>LOGDT019</logicalDatatype>
<ownDataTypeParameters>,,</ownDataTypeParameters>
<autoIncrementColumn>true</autoIncrementColumn>
<identityColumn>true</identityColumn>
<autoIncrementCycle>false</autoIncrementCycle>
<isSurrogateColumn>true</isSurrogateColumn>
</Column>
<Column name="Estado_Estado_ID" id="BD53C79D-94E9-FE0F-8BF8-D148158037A6">
<createdBy>augus</createdBy>
<createdTime>2024-04-15 04:28:16 UTC</createdTime>
<ownerDesignName>modelo</ownerDesignName>
<useDomainConstraints>false</useDomainConstraints>
<use>1</use>
<logicalDatatype>LOGDT019</logicalDatatype>
<ownDataTypeParameters>,,</ownDataTypeParameters>
<previousColumn>false</previousColumn>
<autoIncrementCycle>false</autoIncrementCycle>
<associations>
<colAssociation fkAssociation="BB9141B8-E82F-6DCA-F0D3-4B16205DAF78" referredColumn="A33DEE71-B238-D29F-237D-3E4EDE196C03"/>
</associations>
</Column>
</columns>
<indexes itemClass="oracle.dbtools.crest.model.design.relational.Index">
<ind_PK_UK id="94A33B86-C684-4D60-41C2-52A3DD76A5DD" name="Cidade_PK">
<createdBy>augus</createdBy>
<createdTime>2024-04-15 04:28:16 UTC</createdTime>
<ownerDesignName>modelo</ownerDesignName>
<pk>true</pk>
<indexState>Primary Constraint</indexState>
<indexColumnUsage>
<colUsage columnID="CFAC43F7-3915-149C-09DD-BD46FB906E02"/>
</indexColumnUsage>
</ind_PK_UK>
<ind_PK_UK id="D4F6B38A-778E-0021-037F-C11E35AAE21A" name="Cidade_id_UN">
<createdBy>augus</createdBy>
<createdTime>2024-04-15 04:28:16 UTC</createdTime>
<generatorID>010573A6-D1D2-5852-FE74-4C58C2AC24EF</generatorID>
<ownerDesignName>modelo</ownerDesignName>
<indexState>Unique Constraint</indexState>
<isSurrogateKey>false</isSurrogateKey>
<indexColumnUsage>
<colUsage columnID="E9D362BF-74D1-D257-D7D4-3085C6FA20A1"/>
</indexColumnUsage>
</ind_PK_UK>
<ind_PK_UK id="3E901BE8-9298-90F5-B33D-139984E562B3" name="Cidade_Estado_FK">
<createdBy>augus</createdBy>
<createdTime>2024-04-15 04:28:16 UTC</createdTime>
<generatorID>504A08C6-D3AF-5F19-D7A2-D937E5112322</generatorID>
<ownerDesignName>modelo</ownerDesignName>
<indexState>Foreign Key</indexState>
<isSurrogateKey>false</isSurrogateKey>
<indexColumnUsage>
<colUsage columnID="BD53C79D-94E9-FE0F-8BF8-D148158037A6"/>
</indexColumnUsage>
</ind_PK_UK>
</indexes>
</Table>